<?xml version="1.0" encoding="UTF-8"?>
<!DOCTYPE hibernate-mapping PUBLIC
    "-//Hibernate/Hibernate Mapping DTD 3.0//EN"
    "http://hibernate.sourceforge.net/hibernate-mapping-3.0.dtd">

<hibernate-mapping>
    <class name="com.java.jsf.model.User" table="users">
    
    

        <id name="id" column="id" type="int">
            <generator class="increment"/>
        </id>

        <property name="name" column="name" type="string"/>
        <property name="email" column="email" type="string"/>
        <property name="createdAt" column="created_at" type="date"/>

    </class>
</hibernate-mapping>
